"Site","Name","Level","R2abund","R2gr","predictable_ag","modelform","E","tau","theta","JLEmin","JLEmean","JLEsign","LocalLEpower12","pplle","momin","llemax_mo","llerange","llerange_rel"
"Blelham Tarn (UK)","Chla","Total",0.526795124825657,0.880003898858547,"ag","fd-ut",6,6,3,-0.00476129730086263,-0.00458088910102129,"not chaotic",0.615958412039053,0.153846153846154,12,8,0.0228122033496596,2.26308584331345
"Blelham Tarn (UK)","Zooplankton","Total",0.267864501197384,0.694553227837783,"ag","fd-ut",2,6,3,-0.0272722778440814,-0.0262012742279925,"not chaotic",0.532816414720862,0.310344827586207,12,6,0.0426328144007138,0.875248561044447
"Esthwaite Water (UK)","Chla","Total",0.548530440577628,0.458443430427935,"ag","fd-ut",4,12,0,-0.00581229206942478,-0.00580888037944722,"not chaotic",0.16013226547108,0,12,6,4.71591733419664e-05,0.52184651427794
"Esthwaite Water (UK)","Zooplankton","Total",0.481667075234192,0.738035904704954,"ag","fd-ut",6,6,0,-0.0074696212711192,-0.00744663518353073,"not chaotic",0.0830586692541845,0,12,6,0.00012042194226589,0.506025655765935
"Windermere North (UK)","copepod","FG",0.470823347448763,0.223540306789212,"ag","gr-log",6,1,1.5,-0.122409786190996,-0.117454484679818,"not chaotic",0.680706002311622,0.203389830508475,12,6,0.599426524321597,2.27454075160734
"Windermere North (UK)","large.clad","FG",0.426280105779943,0.68027005940021,"ag","fd-ut",4,12,0.75,-0.00544442823634884,-0.00542679192875891,"not chaotic",0.317592024059059,0,12,5,0.00229145834360576,1.15861553583625
"Windermere North (UK)","small.clad","FG",0.329627018177607,0.774130843974504,"ag","fd-ut",4,8,6,0.0243145173899576,0.0262098282047058,"chaotic",0.819954570214791,0.652733118971061,12,5,0.24468193886186,2.38024445126105
"Windermere North (UK)","Chla","Total",0.679601058455602,0.733788901839416,"ag","gr-ut",6,1,3,-0.0233850266710942,-0.0214999992306341,"not chaotic",0.654392967898024,0.507936507936508,12,4,1.31165403049271,3.45922713279957
"Windermere North (UK)","Zooplankton","Total",0.549356181484919,0.382421619766882,"ag","gr-log",4,12,1.5,-0.00715115645973691,-0.00691037159352291,"not chaotic",0.322878328998766,0.116618075801749,12,7,0.0100110571875216,0.764966094453001
"Lake Apopka (FL)","clad","FG",0.19560114074809,0.223254876537942,"g","fd-ut",1,1,0,-0.72878724512002,-0.728723342869451,"not chaotic",0.0967166450815251,0,12,12,0.00381624528888957,0.200431276096688
"Lake Apopka (FL)","copepod","FG",0.465102237327988,0.249285066803725,"ag","gr-ut",2,1,4,-0.311095705982607,-0.300655319085666,"not chaotic",0.15241176463594,0.324468085106383,12,4,0.561433537978283,1.06439700162857
"Lake Apopka (FL)","Chla","Total",0.426026606485025,0.189769335545955,"a","fd-ut",6,1,0.5,-0.236994052058344,-0.236545098204566,"not chaotic",0.224169169679144,0,12,2,0.052459480287287,1.10439920736671
"Lake Apopka (FL)","Zooplankton","Total",0.419904520900666,0.522836955370025,"ag","fd-ut",4,7,3,-0.00943600725094562,-0.00810082242642795,"not chaotic",0.115286639054071,0.414012738853503,12,5,0.048689100667787,1.54348220561777
"Lake Beauclair (FL)","clad","FG",0.356766958752909,0.492171398788128,"ag","fd-ut",4,1,1.5,0.24326950745537,0.248846262669516,"chaotic",0.643177155359902,0.839080459770115,12,11,0.159414364333098,0.651134183545518
"Lake Beauclair (FL)","copepod","FG",0.195378253547113,0.271018471133859,"g","fd-ut",1,1,1,-0.534929519865175,-0.531245484581635,"not chaotic",0.391565361459852,0,12,9,0.235832683318173,1.10989224225144
"Lake Beauclair (FL)","Chla","Total",0.514550180463732,0.126235880643304,"a","fd-ut",1,1,0,-0.331111735378374,-0.331053424319319,"not chaotic",0.141702128686389,0,12,6,0.00139270496127852,0.228966675932102
"Lake Beauclair (FL)","Zooplankton","Total",0.195035449324891,0.272915814523878,"g","fd-ut",1,1,0.3,-0.569506471881115,-0.567173276845603,"not chaotic",0.34186775895802,0,12,10,0.0720485644967874,0.742666037916301
"Lake Dora (FL)","clad","FG",0.242109881532854,0.686308474706457,"ag","gr-log",5,4,8,0.132125062569589,0.137450898340297,"chaotic",0.553657272561041,0.871621621621622,12,4,0.604962227224182,1.75028584329619
"Lake Dora (FL)","copepod","FG",0.096768898132263,0.497596036907387,"g","gr-log",2,1,4,-0.422367478455944,-0.415703489036942,"not chaotic",0.411520607856351,0.198795180722892,12,8,0.87456935114487,1.68716982269156
"Lake Dora (FL)","Chla","Total",0.705932677641338,0.182125609033821,"a","gr-ut",2,1,1,-0.10776670987027,-0.106939330502722,"not chaotic",0.220439303075349,0.128491620111732,12,2,0.0544000720393508,0.59417570171823
"Lake Dora (FL)","Zooplankton","Total",0.0284001419423264,0.576526302077286,"g","fd-ut",5,5,2,-0.0502492653273481,-0.0493322176863868,"not chaotic",0.310476730822733,0,12,3,0.0623207286845747,1.88973620111822
"Lake Eustis (FL)","clad","FG",0.235583967615985,0.563225305907499,"ag","gr-log",4,2,4,0.120377554687594,0.133901608320419,"chaotic",0.79998868401412,0.723529411764706,12,1,0.768151506851633,1.84403763636364
"Lake Eustis (FL)","copepod","FG",0.119333886238283,0.2944915898458,"g","fd-ut",1,1,0,-0.933519402165594,-0.933503137948233,"not chaotic",0.0575849170129789,0,12,6,0.00748605531084123,0.359000881813925
"Lake Eustis (FL)","Chla","Total",0.73624939024184,0.185996289713345,"a","fd-ut",1,1,8,-0.151579690062711,-0.13151441850043,"not chaotic",0.0771388586825479,0.536585365853659,12,12,0.945471638734772,1.08935215531066
"Lake Eustis (FL)","Zooplankton","Total",0.138132408309651,0.512812323863757,"g","fd-ut",2,2,4,-0.121980730071744,-0.112767080195686,"not chaotic",0.334143690763043,0.38150289017341,12,11,0.33763162342981,1.34792972520009
"Lake Griffin (FL)","clad","FG",0.20384022523965,0.798992032920839,"ag","fd-ut",6,2,8,0.143440401860876,0.159405004222144,"chaotic",0.688812940462176,0.95625,12,2,0.417001448362585,1.52254821484348
"Lake Griffin (FL)","copepod","FG",0.208662826798981,0.251995430609746,"ag","fd-ut",1,1,0,-0.743666506693557,-0.743603358677848,"not chaotic",0.167521717611105,0,12,9,0.00161076047557962,0.133619730951245
"Lake Griffin (FL)","Chla","Total",0.655667609143742,0.164486041668609,"a","fd-ut",1,1,8,-0.310997432326158,-0.30314936578451,"not chaotic",0.0126435273877954,0.410526315789474,12,5,0.573912634745744,0.784157233133295
"Lake Griffin (FL)","Zooplankton","Total",0.205667098252382,0.250892610031993,"ag","fd-ut",5,1,0,-0.470784751552519,-0.469006122578484,"not chaotic",0.227332434230818,0,12,9,0.00437754626876091,0.210769933904559
"Lake Harris (FL)","clad","FG",0.189813369167198,0.612658263213776,"g","fd-ut",2,1,1.5,0.108140064426737,0.115335106609643,"chaotic",0.846185475145563,0.760233918128655,12,9,0.516364746145362,1.34400875240206
"Lake Harris (FL)","copepod","FG",0.225868570496788,0.349913715015255,"ag","fd-ut",3,1,0,-0.196222736404449,-0.195770396243349,"not chaotic",0.119742544361958,0,12,2,0.00203736222611334,0.319148290628146
"Lake Harris (FL)","Chla","Total",0.578096583054692,0.129676838948974,"a","gr-ut",1,1,0,-0.230085248659219,-0.227419694378158,"not chaotic",0.28717239146872,0.0695187165775401,12,3,0.225875833531483,0.960289991846789
"Lake Harris (FL)","Zooplankton","Total",0.157669367095018,0.339398577563483,"g","fd-ut",6,1,0,-0.173004474413649,-0.172566733245176,"not chaotic",0.172685071224597,0,12,2,0.0042648739518916,0.440491775025624
"Lake Yale (FL)","clad","FG",0.095084384904131,0.458014923040072,"g","fd-ut",1,1,2,-0.406452629253153,-0.377475845152055,"not chaotic",0.73217991685268,0.659863945578231,12,9,2.32648308424562,2.02658763654659
"Lake Yale (FL)","copepod","FG",0.196847599825329,0.255178125609969,"g","gr-log",2,1,2,-0.643663232570001,-0.618103373763288,"not chaotic",0.203824920016016,0.174757281553398,12,6,0.579638211359581,0.914162283548875
"Lake Yale (FL)","Chla","Total",0.647619473330776,0.295084644788118,"ag","fd-ut",2,1,4,-0.292382448554009,-0.264857671933651,"not chaotic",0.296008554278449,0.336448598130841,12,12,0.534795788017154,1.46103135373475
"Lake Yale (FL)","Zooplankton","Total",0.163457668464305,0.234149953360351,"g","fd-ut",4,1,0,-0.358998367627044,-0.357662378173744,"not chaotic",0.269755160846901,0,12,6,0.0103343099369064,0.567442255974935
"Lake Greifensee","Zooplankton","Total",0.231626762720679,0.493794886698729,"ag","gr-ut",6,1,8,-0.0299672969225312,0.0260971956654949,"not chaotic",0.309541535542159,0.497777777777778,12,4,0.367963778969379,0.764636298190433
"Lake Greifensee","Chla","Total",0.565318001729172,0.211107035597019,"ag","gr-log",5,1,3,-0.28860025787899,-0.259274007406229,"not chaotic",0.565428635123935,0.191489361702128,12,8,0.31710241075491,1.91267398384256
"Lake Greifensee","zoo.small","FG",0.0879498970848797,0.386070780802474,"g","fd-ut",1,1,1.5,-0.633513582034798,-0.615681502959925,"not chaotic",0.0555071100213969,0.119631901840491,12,11,0.307912165477371,0.711917068923317
"Lake Greifensee","zoo.med","FG",0.134514059562772,0.45642581528159,"g","gr-log",3,1,8,0.135038452298323,0.177378414725468,"chaotic",0.364770282861763,0.578014184397163,12,3,1.1566371478257,1.72698237460053
"Lake Greifensee","zoo.large","FG",0.121762958862094,0.495002445270907,"g","fd-ut",2,2,1,-0.871916386820774,-0.839924099191755,"not chaotic",0.0778383480216066,0,12,5,0.30379498818779,1.17836225856879
"Lake Greifensee","pred","FG",0.0982187116786737,0.539090082019511,"g","fd-ut",2,5,2,0.109319846262075,0.120572275679779,"chaotic",0.385850482470609,0.925170068027211,12,10,0.163106717776063,1.94459914477415
"Lake Geneva","Zooplankton","Total",0.44528482564342,0.757001857258789,"ag","fd-ut",5,6,0.1,-0.0116182029656701,-0.0116149670833141,"not chaotic",0.112014702986841,0,12,8,0.000748202747968817,1.50762763471981
"Lake Geneva","Chla","Total",0.255126961272249,0.713910964098048,"ag","fd-ut",5,4,0.3,-0.0411445580995387,-0.0404021290670901,"not chaotic",0.663731809380885,0,12,12,0.00244475328153203,1.79694572118093
"Lake Geneva","copepod","FG",0.459868004872609,0.756240074891697,"ag","fd-ut",6,4,0,-0.0146100257695704,-0.0145837804112626,"not chaotic",0.04812667347807,0,12,6,8.03084876948908e-05,0.232566199350685
"Lake Geneva","large.clad","FG",0.427431565498264,0.833421398101766,"ag","gr-log",6,4,4,0.0331548032821731,0.0391094919606344,"chaotic",0.785632743915031,0.691964285714286,12,6,0.791234606077599,2.08768206282502
"Lake Geneva","pred","FG",0.114933067822014,0.408210096494075,"g","fd-ut",6,1,8,0.64181377454785,0.648731097467301,"chaotic",0.940910822502732,0.792099792099792,12,3,1.25248264317436,2.40179928493133
"Lake Geneva","rotifer","FG",0.274916783667071,0.638648303808458,"ag","gr-log",4,1,6,0.0550312893498356,0.062754580275025,"chaotic",0.774416395416519,0.549212598425197,12,6,1.10108444116344,1.77977857155061
"Lake Geneva","small.clad","FG",0.0964855177604181,0.424466122565044,"g","gr-ut",4,1,0,-0.0217201982329596,-0.0209916549478844,"not chaotic",0.303245925210704,0.603738317757009,12,3,0.122954071666857,0.422247105861665
"Lake Geneva","Asplanchna priodonta","SP",0.210627866376377,0.554880918942956,"ag","fd-ut",3,1,8,0.433444752586886,0.439882957152226,"chaotic",0.189525863241535,0.82295719844358,12,3,0.868308120989562,1.43845068583909
"Lake Geneva","Bythotrephes longimanus","SP",0.769831454794922,0.597307814265709,"ag","gr-log",5,5,6,0.101067303829993,0.116598450649163,"chaotic",0.446210492827496,0.644796380090498,12,9,0.25166313041826,0.844652336570822
"Lake Geneva","Conochilus sp","SP",0.148395662720411,0.559326502869117,"g","fd-ut",3,7,6,0.0973846149542178,0.0984438400409882,"chaotic",0.329463038352284,0.915690866510539,12,5,0.0506965917659472,0.495384653629679
"Lake Geneva","Cyclops prealpinus","SP",0.230015716904636,0.239124829228016,"ag","fd-ut",1,1,0.1,-0.565334594932929,-0.565272086571299,"not chaotic",0.229099478809648,0,12,1,0.0364121328488586,0.833440540282732
"Lake Geneva","Cyclops vicinus","SP",0.544756623648799,0.812686088365805,"ag","fd-ut",4,4,4,-0.00337976432669775,-0.000766617223555362,"not chaotic",0.515201749590735,0.408560311284047,12,5,0.18059075370493,1.3603747851154
"Lake Geneva","Eubosmina longispina","SP",0.655234968024107,0.42406263096062,"ag","gr-ut",6,1,1.5,0.108351049529244,0.12229025156956,"chaotic",0.273349918306702,0.63036303630363,12,3,1.18812470338588,1.76639252560156
"Lake Geneva","Eudiaptomus gracilis","SP",0.286661124075075,0.676966055293475,"ag","fd-ut",5,6,0.5,-0.0167671261476524,-0.0166406552236382,"not chaotic",0.020451245148335,0,12,7,0.0051981448665757,1.911878559215
"Lake Geneva","Kellicottia longispina","SP",0.235277844067024,0.340481698613477,"ag","fd-ut",3,1,0.75,-0.121593429441249,-0.119047865406051,"not chaotic",0.706218806080066,0.195488721804511,12,4,0.373102520073706,1.71455821979108
"Lake Geneva","Keratella cochlearis","SP",0.238088265116631,0.659497083898461,"ag","fd-ut",6,4,1.5,0.0180667173967637,0.0186261071188679,"chaotic",0.173007442331259,0.723756906077348,12,9,0.018860179753107,1.2158459439127
"Lake Geneva","Keratella quadrata","SP",0.128196072901094,0.702629160215076,"g","fd-ut",5,4,4,0.0420863140570536,0.0440766686616757,"chaotic",0.667297196715268,0.791005291005291,12,6,0.134786938175248,1.68707341233404
"Lake Geneva","Leptodora kindtii","SP",0.208927342905997,0.700471956801793,"ag","gr-ut",4,1,3,0.394185287233773,0.410229364817879,"chaotic",0.967042636091476,0.661654135338346,12,5,2.7132517768816,2.29896587658112
"Lake Geneva","Polyarthra sp","SP",0.228187322755268,0.709668868731517,"ag","fd-ut",5,6,0.5,-0.000473270416193786,-0.000312632672642668,"not chaotic",0.0796831345675899,0,12,8,0.0101900081839423,1.10339343442421
"Lake Geneva","Synchaeta sp","SP",0.155188805840413,0.589361417647064,"g","fd-ut",6,4,1.5,-0.000952813126692301,-0.000698595910524977,"not chaotic",0.304323778675091,0.237569060773481,12,7,0.0114812078889535,1.36284165579625
"Lake Kasumigaura","Zooplankton","Total",0.346452303412102,0.702429612539743,"ag","fd-ut",6,4,2,-0.00288134606472873,-0.00213841158451836,"not chaotic",0.32758787520909,0.145077720207254,12,2,0.0111789267815486,1.0210093990858
"Lake Kasumigaura","Chla","Total",0.358194982913694,0.196897738979244,"a","fd-ut",1,1,0,-0.503164445280499,-0.50315643112611,"not chaotic",0.175957794739018,0,12,5,0.00202746888941019,0.54218783853787
"Lake Kasumigaura","copepod","FG",0.226784827700533,0.644254826245891,"ag","fd-ut",6,4,1.5,-0.0112172122399792,-0.0099937705701929,"not chaotic",0.528701370502947,0,12,1,0.019931921120338,1.62341906497957
"Lake Kasumigaura","large.clad","FG",0.416496600508243,0.847256182313867,"ag","fd-ut",5,3,3,0.016023579727763,0.0193029954128467,"chaotic",0.664974640631705,0.6265664160401,12,8,0.0663539455714912,1.91230729267501
"Lake Kasumigaura","rotifer","FG",0.266312006692571,0.273100277026172,"ag","fd-ut",1,1,0.5,-0.256517027689215,-0.212248086209927,"not chaotic",0.329600652012413,0,12,3,0.210552463828661,1.17654049467322
"Lake Kasumigaura","small.clad","FG",0.327438746978395,0.283881444877676,"ag","fd-ut",3,1,3,0.060818869145777,0.153020693242872,"chaotic",0.81143604634134,0.711009174311927,12,5,1.12485264029919,2.04849875386869
"Lake Kasumigaura","Asplanchna.spp.","SP",0.205225359140705,0.616823362792359,"ag","fd-ut",5,3,0.3,-0.0248415128056329,-0.0233331430590681,"not chaotic",0.131949126138226,0,12,4,0.00297161416061119,0.412016508968043
"Lake Kasumigaura","Bosmina.spp.","SP",0.299717211989431,0.326943898029106,"ag","fd-ut",3,1,3,0.0215673209497516,0.112634603319862,"chaotic",0.712598473112738,0.717889908256881,12,5,1.12811871590806,2.07385668602326
"Lake Kasumigaura","Brachionus.calyciflorus","SP",0.100051054842945,0.41186688932629,"g","fd-ut",2,1,1,-0.206462188067251,-0.151298345134255,"not chaotic",0.0305695426719301,0.51131221719457,12,7,0.130404731007494,0.428677410224271
"Lake Kasumigaura","Diaphanosoma..brachyurum","SP",0.455116448016881,0.938776977701246,"ag","fd-ut",5,3,3,0.0248940184435207,0.0270784205396542,"chaotic",0.756850976674557,0.719298245614035,12,8,0.067197719235459,2.31516912235132
"Lake Kasumigaura","Filinia.spp.","SP",0.18033186570561,0.585457568480471,"g","fd-ut",4,6,0.3,0.0237646263558984,0.025169570834655,"chaotic",0.0479539287613465,0.925,12,6,0.00250970974949078,0.216594809464908
"Lake Kasumigaura","Keratella.cochlearis","SP",0.125583277055767,0.524681341604909,"g","fd-ut",2,1,1.5,-0.277074877944415,-0.158382885909394,"not chaotic",0.238735842896134,0.667420814479638,12,4,0.833808824865966,1.2198897113212
"Lake Kasumigaura","Polyarthra.spp.","SP",0.226162825640767,0.354588046295381,"ag","fd-ut",1,1,3,-0.235980814515421,-0.0430431284204029,"not chaotic",0.295300300891201,0.623608017817372,12,6,0.93346468778205,1.11113555271157
"Lake Kasumigaura","Trichocerca.spp.","SP",0.415552651764293,0.73499034311779,"ag","fd-ut",5,5,4,0.0229931375293037,0.025476511417221,"chaotic",0.673363702749509,0.772727272727273,12,10,0.0670825969504746,1.6659091854203
"Lake Mendota (WI)","Zooplankton","Total",0.447642086032662,0.37793783941759,"ag","fd-ut",3,1,0,-0.475722015666078,-0.475478661236315,"not chaotic",0.132398376690533,0,11,6,0.00448314488797474,0.517011409057571
"Lake Mendota (WI)","copepod","FG",0.550788234619181,0.092560029664943,"a","fd-ut",5,1,0,-0.213903848105608,-0.21380837591892,"not chaotic",0.31817706134889,0,9,6,0.00652214801801759,0.794427364121395
"Lake Mendota (WI)","large.clad","FG",0.147138395109163,0.335979697596982,"g","fd-ut",5,1,0,-0.385950246046656,-0.383876506878609,"not chaotic",0.170796575258966,0,9,5,0.0113845143009311,1.45621140458741
"Lake Mendota (WI)","small.clad","FG",0.163248192799644,0.153235850696038,"none","gr-ut",3,1,0,0.0803631049337587,0.0810582899065035,"chaotic",0.311846751139937,0.759581881533101,11,3,0.0328141282203298,0.125641314940723
"Lake Mendota (WI)","ACANTHOCYCLOPS SP","SP",0.573443542953086,0.494883232639597,"ag","gr-ut",1,1,6,-1.24691158353797,-1.16273419009511,"not chaotic",0.507723171161853,0.527377521613833,12,4,1.81155204840588,1.09866489705678
"Lake Mendota (WI)","CHYDORUS SP","SP",0.251272079271795,0.590457003813412,"ag","gr-log",5,1,2,0.204817675986213,0.273941771892325,"chaotic",0.207086881041901,0.842931937172775,9,3,0.913069098681522,1.99103952083119
"Lake Mendota (WI)","DAPHNIA MENDOTAE","SP",0.185580679025848,0.352886032880272,"g","fd-ut",5,1,0.75,-0.132264917680909,-0.120898592485625,"not chaotic",0.127771205824123,0,9,7,0.239599509554877,2.10611849748432
"Lake Mendota (WI)","DAPHNIA PULICARIA","SP",0.345241259552665,0.355504625708828,"ag","gr-log",6,1,0.5,-0.112888914849676,-0.0890876545406668,"not chaotic",0.568523162035305,0.636942675159236,8,11,0.653087186332669,1.34021400537159
"Lake Mendota (WI)","DIACYCLOPS THOMASI","SP",0.687026569041315,0.290743833633901,"ag","fd-ut",6,1,0,0.204059340282193,0.204323908195088,"chaotic",0.164267378303523,1,8,6,0.00140989810741884,0.107718114542378
"Lake Mendota (WI)","DIAPTOMID SPP","SP",0.556720869117045,0.319139892984007,"ag","gr-ut",2,1,6,-0.405095847420057,-0.337117610519346,"not chaotic",0.172312715522627,0.308383233532934,12,6,0.472032523496882,0.744491247071061
"Lake Mendota (WI)","MESOCYCLOPS EDAX","SP",0.318533640096329,0.270815939611647,"ag","gr-log",6,1,2,0.0170756698635808,0.0580031623839813,"chaotic",1.18268590040679,0.506172839506173,8,4,3.04213708721634,4.07664364391548
"Loch Leven","Zooplankton","Total",0.358422765824291,0.338855435822017,"ag","fd-ut",4,1,1.5,-0.2368588677005,-0.226039751649751,"not chaotic",0.542465637901248,0,12,5,0.363924318307588,2.44938755752542
"Loch Leven","Chla","Total",0.218812527340505,0.224667631072316,"ag","gr-log",1,1,0,-0.612937781412908,-0.611643468610364,"not chaotic",0.368326358327935,0.0368852459016393,12,6,0.593501271265017,1.9153117230873
"Loch Leven","clad","FG",0.243432347136393,0.474127844175405,"ag","fd-ut",3,1,2,-0.209477751613689,-0.1160057498057,"not chaotic",0.86051458859488,0.489539748953975,12,4,0.974460674197544,2.29755894990797
"Loch Leven","copepod","FG",0.35157100378724,0.273225265982421,"ag","fd-ut",6,1,0,-0.248569425580341,-0.24703190037674,"not chaotic",0.129743777564015,0,12,7,0.00623042640828458,0.685902669278543
"Loch Leven","Cyclops.abyssorum","SP",0.43159447416515,0.436804713513209,"ag","fd-ut",5,1,2,-0.110942549670763,-0.0970948162953082,"not chaotic",0.54660655880844,0.351598173515982,12,4,0.23808102648888,1.71082983556194
"Loch Leven","Eudiaptomus.gracilis","SP",0.332345300257294,0.240664899891743,"ag","fd-ut",2,1,3,-0.271471224182016,-0.260221440689525,"not chaotic",0.523750423597828,0.373493975903614,12,5,0.820460236350059,1.77128755744768
"Lake Zurich","Zooplankton","Total",0.311423992267784,0.658147360616174,"ag","fd-ut",6,2,3,-0.0247858805276162,-0.0216016702244506,"not chaotic",0.3620046341531,0.297872340425532,12,12,0.049844513556654,1.61160834203008
"Lake Zurich","Chla","Total",0.206379884446493,0.520964634531141,"ag","fd-ut",2,1,1,-0.547002384325994,-0.54055491425546,"not chaotic",0.423223818691205,0,12,5,0.320461137938608,1.62661016635944
"Lake Zurich","copepod","FG",0.179622120896077,0.253722528194747,"g","fd-ut",6,1,0,-0.17654244353221,-0.176160614089239,"not chaotic",0.297351011932296,0,12,5,0.00259346431191454,0.873930671765083
"Lake Zurich","large.clad","FG",0.333856760235398,0.682508891062568,"ag","fd-ut",6,2,2,-0.0303937098898165,-0.0203639678468572,"not chaotic",0.598736381581675,0.144385026737968,12,5,0.0629015651532299,2.61309375332576
"Lake Zurich","pred","FG",0.200853242927902,0.675201739333761,"ag","fd-ut",1,5,6,0.152366398385309,0.162216836699078,"chaotic",1.10150921323843,0.644859813084112,12,9,1.11528939805656,2.18818649994415
"Lake Zurich","small.clad","FG",0.35875096765538,0.696758853353604,"ag","fd-ut",4,3,0,-0.0353089268732983,-0.0352810367649879,"not chaotic",0.0675869268690528,0,12,4,0.00063845558368604,0.628289374001584
"Lake Zurich","Bosmina.sp","SP",0.358731143718433,0.696284570160868,"ag","fd-ut",4,3,0,-0.035307846149681,-0.0352800741318596,"not chaotic",0.0678061675511571,0,12,4,0.00063840058663002,0.628438518437262
"Lake Zurich","Bytho.long","SP",0.138545359717677,0.641915463481943,"g","fd-ut",1,5,6,0.149448078188098,0.16080673137628,"chaotic",0.984434288955462,0.682242990654206,12,8,1.00275323571852,1.98119747250701
"Lake Zurich","Cyclo.abyss","SP",0.138893470992973,0.581879887929293,"g","fd-ut",3,4,1.5,-0.0892530681012615,-0.0876393930607777,"not chaotic",0.321525065032916,0,12,6,0.0263738373545531,1.47706556718867
"Lake Zurich","Cyclo.bohat","SP",0.0406997950148918,0.580880654981312,"g","fd-ut",2,9,0,-0.0953127785222084,-0.0952750137273573,"not chaotic",0.0652662421207103,0,12,5,9.20743774951299e-05,0.0572653011914526
"Lake Zurich","Cyclo.vicin","SP",0.119717181415207,0.436517739238735,"g","fd-ut",1,1,0.75,0.0172171682989385,0.0314867437188361,"chaotic",0.541288938276128,0.841836734693878,12,11,0.145320745680621,0.229640375771714
"Lake Zurich","Daphn.hyali","SP",0.0738341349072513,0.503445227917583,"g","gr-log",6,3,3,0.0171272408576542,0.0224510712687828,"chaotic",0.494759427061186,0.711340206185567,12,6,0.70603558675446,2.48111608072428
"Lake Zurich","Daphn.pulex","SP",0.430358400168249,0.118957041175326,"a","fd-ut",1,12,0,-0.0339247289170919,-0.0339215720218989,"not chaotic",0.127800041712014,0,12,7,0.000149347913845597,0.11081153645399
"Lake Zurich","Eudiapt.graci","SP",0.0662992215802746,0.607414235663088,"g","fd-ut",2,6,0.3,-0.0847816327026461,-0.0844155743605327,"not chaotic",0.206141664414266,0,12,7,0.00569129664152701,0.682197878565305
"Lake Zurich","Mesoc.edax","SP",0.227440919679094,0.232617837460118,"ag","fd-ut",1,1,0.1,-0.539386643932838,-0.537191439507688,"not chaotic",0.796382181184466,0,12,4,0.1336233088599,1.96708730654272
"Lake Muggelsee","Zooplankton","Total",0.665597925313915,0.918260312372995,"ag","fd-ut",3,6,3,-0.0120869559279694,-0.0101118410513708,"not chaotic",0.472741342474483,0.358669833729216,12,9,0.0431809358366348,1.85571755874799
"Lake Muggelsee","Chla","Total",0.396302389890808,0.343719718428756,"ag","fd-ut",4,1,1.5,-0.315293576228991,-0.312435404056998,"not chaotic",0.461997570231942,0,12,4,0.296903226294327,2.13046127536543
"Lake Muggelsee","copepod","FG",0.58646272332446,0.874875211398852,"ag","fd-ut",3,12,2,-0.000601256789443777,-0.00050834002685928,"not chaotic",0.474951342158322,0,12,10,0.00453817808648178,1.2541910753438
"Lake Muggelsee","large.clad","FG",0.375590175507148,0.741098980208298,"ag","fd-ut",5,6,0.3,-0.0107708958500118,-0.010690859260878,"not chaotic",0.292910268368628,0,12,4,0.004434875514852,2.61022865121543
"Lake Muggelsee","pred","FG",0.512705124155919,0.504919657541927,"ag","gr-ut",6,1,4,0.0670447898901773,0.0724045755133835,"chaotic",1.14653470461116,0.569411764705882,12,5,2.51625771575637,3.2982454389755
"Lake Muggelsee","rotifer","FG",0.447748715979333,0.797967031503668,"ag","fd-ut",4,6,1.5,0.00227543942977778,0.0030350053451238,"not chaotic",0.160492044195455,0.366093366093366,12,9,0.0137662447462711,1.45755343702163
"Lake Muggelsee","small.clad","FG",0.17624946469928,0.651213886821699,"g","fd-ut",3,6,3,0.0181606508609091,0.0190148184825702,"chaotic",0.253058559292291,0.605700712589074,12,6,0.0703177234601425,1.68004861021398
"Lake Muggelsee","Asplanchna priodonta","SP",0.310747546836746,0.700571469041049,"ag","gr-log",6,6,4,0.0215602055142032,0.0227098867321317,"chaotic",0.770425084635641,0.762273901808786,12,5,0.272709356596929,1.76426362652521
"Lake Muggelsee","Bosmina longirostris","SP",0.525103452784726,0.677126592059816,"ag","gr-log",6,2,4,0.112195536053989,0.118133696179656,"chaotic",0.486294674821621,0.849489795918367,12,5,1.06470029185494,2.28320016105188
"Lake Muggelsee","Brachionus angularis","SP",0.329552604932686,0.522046093771358,"ag","fd-ut",3,1,4,1.13199649781057,1.13931080909712,"chaotic",0.486911300345914,0.892773892773893,12,12,1.47372962481622,1.89533332646429
"Lake Muggelsee","Brachionus calyciflorus","SP",0.123158134067633,0.50628399212471,"g","gr-log",5,1,8,0.493221345509574,0.497709246694014,"chaotic",0.363889397774397,0.714634146341463,12,4,1.22652966096695,1.29133169833642
"Lake Muggelsee","Chydorus sphaericus","SP",0.149893333175723,0.633921618063766,"g","fd-ut",5,1,2,0.737938274016364,0.741113438536006,"chaotic",0.842015840400174,0.767156862745098,12,5,1.27422829203669,2.03988103108176
"Lake Muggelsee","Conochilus unicornis","SP",0.205904760643433,0.60420545828554,"ag","fd-ut",2,6,0,-0.0598756201575639,-0.0598662258093432,"not chaotic",0.0850808898949419,0,12,8,2.59379976042529e-05,0.0348192165512781
"Lake Muggelsee","Cyclops vicinus","SP",0.366016429547745,0.496997979475278,"ag","fd-ut",4,12,0,-0.0134093456703724,-0.0133946572185427,"not chaotic",0.0394893812484242,0,12,3,2.74531449146326e-05,0.129950927522653
"Lake Muggelsee","Daphnia cucullata","SP",0.543403415729776,0.787428660580036,"ag","fd-ut",4,6,6,0.0297509054518291,0.032476741256209,"chaotic",0.663436308834544,0.813186813186813,12,8,0.0778269744090476,1.07008617343658
"Lake Muggelsee","Daphnia galeata","SP",0.398140864126255,0.634416088464759,"ag","fd-ut",6,4,0,-0.00900154683306999,-0.00898501344201096,"not chaotic",0.0919062716733608,0,12,9,5.92733329953833e-06,0.014395348093828
"Lake Muggelsee","Dreissena polymorpha larvae","SP",0.579511060468498,0.816969418808133,"ag","fd-ut",6,6,6,0.0154147743089314,0.0165395623990315,"chaotic",0.791355307432762,0.943152454780362,12,7,0.0714623346856544,2.00474847972162
"Lake Muggelsee","Eubosmina coregoni","SP",0.115173568268997,0.415457267598081,"g","fd-ut",2,1,0.75,0.28342945015738,0.286991036561414,"chaotic",0.720374391438411,0.788636363636364,12,4,0.600705254155491,1.06669391846595
"Lake Muggelsee","Eubosmina longicornis berolinensis","SP",0.276237448975992,0.22229792550374,"ag","fd-ut",1,1,0.3,-0.0333544819092753,-0.0332724071237277,"not chaotic",0.583065303165545,0.725552050473186,12,4,0.182020372038547,1.03585393502296
"Lake Muggelsee","Eudiaptomus gracilis","SP",0.235995227697689,0.245634681662354,"ag","fd-ut",5,1,3,-0.105978152963353,-0.105535185932862,"not chaotic",0.374212160599269,0.381944444444444,12,4,0.205093021738622,1.01765248371476
"Lake Muggelsee","Eudiaptomus graciloides","SP",0.467152137967,0.212993198895139,"ag","fd-ut",1,1,1.5,-0.0345475347051938,-0.0330981211763358,"not chaotic",0.309279801157863,0.687022900763359,12,3,0.0884401569441073,0.387687632466356
"Lake Muggelsee","Kellicottia longispina","SP",0.380551633099197,0.440672371311163,"ag","gr-ut",6,2,4,0.0751257862229702,0.0768119957702597,"chaotic",0.805668902544382,0.529411764705882,12,5,1.05594928971369,2.1752217689123
"Lake Muggelsee","Keratella cochlearis","SP",0.312845740469352,0.781914266870298,"ag","fd-ut",6,1,4,0.0197126643419437,0.0223018867727459,"chaotic",0.714614248964908,0.548235294117647,12,3,0.388182569466587,1.44723176303954
"Lake Muggelsee","Keratella quadrata","SP",0.383041821550648,0.81099349891886,"ag","gr-log",6,6,4,0.0126727251768903,0.0135714534298509,"chaotic",0.739884884784382,0.638242894056848,12,6,0.152289534322224,1.15075553776221
"Lake Muggelsee","Leptodora kindtii","SP",0.435156702095638,0.825090071614106,"ag","gr-log",3,1,0.5,-0.00471359548080594,-0.00244236310259438,"not chaotic",0.938147864899899,0.587443946188341,12,7,1.77777109007937,2.73648609727182
"Lake Muggelsee","Mesocyclops leuckarti","SP",0.49061014397511,0.553339172760278,"ag","fd-ut",6,1,3,0.0171572047065884,0.0201607402966962,"chaotic",0.969353556415949,0.715294117647059,12,5,0.437022080245589,2.82906530939589
"Lake Muggelsee","Polyarthra dolichoptera/vulgaris","SP",0.296805998875141,0.73782238054089,"ag","fd-ut",6,6,0.3,-0.00633839270154256,-0.00628227451412757,"not chaotic",0.0382131371606884,0,12,8,0.003964717697403,1.83472717176928
"Lake Muggelsee","Pompholyx sulcata","SP",0.395768279282118,0.895157058681611,"ag","fd-ut",6,3,0,-0.042399831977798,-0.0423906471334657,"not chaotic",0.0520738863003397,0,12,7,2.8573012894724e-05,0.0341818405916884
"Lake Muggelsee","Synchaeta oblonga","SP",0.155086767382057,0.554806123546226,"g","fd-ut",1,12,8,-0.0305952830681523,-0.0299880991431886,"not chaotic",0.166892951936374,0.25297619047619,12,7,0.038732308506948,0.460415656986562
"Lake Muggelsee","Synchaeta pectinata","SP",0.205511357987232,0.54588102651421,"ag","fd-ut",5,12,3,0.00131484794455723,0.00144754369181498,"not chaotic",0.244270299514953,0.155844155844156,12,4,0.00566666125517896,0.539407877477377
"Lake Muggelsee","Trichocerca similis","SP",0.256231739850822,0.658364757630849,"ag","fd-ut",6,6,6,0.0316955283882945,0.0322752516963707,"chaotic",0.545120501718881,0.940568475452196,12,9,0.0305312364577583,0.862178608969318
"Narragansett Bay","Zooplankton","Total",0.459823629755548,0.406809428953454,"ag","gr-log",3,1,8,0.271375292609675,0.291178751925315,"chaotic",0.1663314384591,0.740740740740741,12,4,0.359763414822611,0.760098555578017
"Narragansett Bay","Chla","Total",0.125541026685725,0.315156147120532,"g","fd-ut",1,1,0.75,-0.718209203274767,-0.715519387659521,"not chaotic",0.225549304178766,0,12,9,0.154352010173638,0.998524520730395
"Narragansett Bay","Acartia.hudsonica","SP",0.537367285574101,0.910561596227507,"ag","fd-ut",4,3,2,-0.00740860239045929,0.00587623817603816,"not chaotic",0.941506164833408,0.433566433566434,12,5,0.105141692985095,2.79051025279865
"Narragansett Bay","Acartia.tonsa","SP",0.567963995722588,0.79430319508143,"ag","fd-ut",4,3,6,0.0626463307301688,0.0769013814179446,"chaotic",0.832650334163312,0.958041958041958,12,7,0.376615877087756,2.1103829504742
"North Sea","Zooplankton","Total",0.499610872693069,0.827398399407569,"ag","fd-ut",4,6,2,0.00564712184819948,0.00630859632004045,"not chaotic",0.918301417728692,0.520061728395062,12,9,0.0205616182958379,2.01751018548002
"North Sea","Chla","Total",0.436477525920314,0.392636223066421,"ag","fd-ut",5,12,0.3,-0.00564811173082685,-0.00564441359903719,"not chaotic",0.954828183336813,0,12,12,0.00234623169265836,2.35298987723548
"North Sea","carnivore","FG",0.256081556428165,0.681329101074717,"ag","fd-ut",6,4,1.5,0.00436172166975603,0.00454269295901038,"not chaotic",0.298470424911756,0.324074074074074,12,3,0.0151923097686888,1.65608792959534
"North Sea","herbivore","FG",0.49790376273641,0.826261359450108,"ag","fd-ut",4,6,2,0.00588876632698458,0.0065273717819605,"not chaotic",0.91016993872676,0.527777777777778,12,9,0.0205186995960789,2.02198254911624
"North Sea","Paralia.sulcata.","SP",0.277189943010997,0.661888697513999,"ag","fd-ut",6,6,0,-0.0199671899101087,-0.0199652109737471,"not chaotic",0.0504961837769573,0,12,1,2.06755261351228e-05,0.0933173009498941
"North Sea","Skeletonema.costatum.","SP",0.258865299949985,0.74998946490619,"ag","gr-ut",4,12,0,0.00209104975115794,0.00220603668923854,"not chaotic",0.0290224000765,0.0897435897435897,12,4,0.00338761967031601,0.209576697000619
"North Sea","Thalassiosira.spp..","SP",0.338285129269783,0.756454191937552,"ag","fd-ut",6,12,1,-0.000438158121389141,-0.000430480623397544,"not chaotic",0.558902370005791,0,12,10,0.00469485334601997,3.08586772097793
"North Sea","Rhizosolenia.styliformis.","SP",0.0575452470169527,0.398051583913595,"g","gr-log",6,9,8,0.0220541501944864,0.0227097165535023,"chaotic",0.1508430840097,0.724919093851133,12,10,0.0360179347639325,0.541310926039797
"North Sea","Rhizosolenia.hebetata.semispina.","SP",0.145722219438337,0.63488105233303,"g","fd-ut",4,4,6,0.0528581562595009,0.05385950338721,"chaotic",0.82443093866715,0.722560975609756,12,4,0.251511846605929,2.04247625794455
"North Sea","Chaetoceros.Hyalochaete..spp.","SP",0.22568837136921,0.740265012561751,"ag","fd-ut",6,4,1.5,-0.0131424166082733,-0.0126239379035078,"not chaotic",0.513780220847857,0,12,6,0.0173951763314899,2.00367033867512
"North Sea","Chaetoceros.Phaeoceros..spp.","SP",0.267996661934107,0.629954856164735,"ag","fd-ut",6,12,0.1,-0.0106102247137215,-0.0106079606618702,"not chaotic",0.684953170642752,0,12,12,0.000983862763378036,2.23076430582158
"North Sea","Odontella.sinensis.","SP",0.154318028261117,0.447122260017578,"g","fd-ut",6,12,0,-0.00927056169528066,-0.00926982152911012,"not chaotic",0.0221722034004418,0,12,9,4.74097710705008e-05,0.246008711156775
"North Sea","Thalassionema.nitzschioides.","SP",0.301802592711557,0.542109853723416,"ag","gr-log",6,1,8,0.221826561160733,0.22329291017198,"chaotic",0.282727015749873,0.804804804804805,12,10,0.583973361360296,1.13364646713357
"North Sea","Proboscia.alata","SP",0.378223471703588,0.76189686622005,"ag","fd-ut",6,6,0,-0.0150438350818207,-0.0150347316517908,"not chaotic",0.0494434709908235,0,12,7,1.37381918866343e-05,0.0604752688350766
"North Sea","Pseudo.nitzschia.delicatissima.complex","SP",0.055550603063579,0.580517122737728,"g","fd-ut",3,8,1.5,-0.0015489945550468,-0.00139970170138464,"not chaotic",0.129924390132759,0.5,12,1,0.0164055092763608,0.670458756704985
"North Sea","Pseudo.nitzschia.seriata.complex.","SP",0.0861664360883017,0.45564953943592,"g","gr-ut",5,9,1,-0.010113097250208,-0.0096732332500844,"not chaotic",0.465517712489277,0.500797448165869,12,10,0.117495644767012,1.72159375673076
"North Sea","Rhizosolenia.imbricata","SP",0.19189566703086,0.632862468032981,"g","fd-ut",6,6,4,0.0208478828467012,0.0211776897093049,"chaotic",0.599065755606646,0.770440251572327,12,9,0.034650451069867,1.27687195292574
"North Sea","Coccolithaceae..Total.","SP",0.286202387404558,0.690941096807719,"ag","fd-ut",4,5,4,0.0423415391881036,0.0430521158111778,"chaotic",0.443053857849535,0.87012987012987,12,10,0.0442384247158241,0.911121008633906
"North Sea","Silicoflagellates.","SP",0.250702065654193,0.699588098245816,"ag","gr-log",5,8,6,0.0148831044788706,0.0177992667234441,"chaotic",0.673704225687641,0.64622641509434,12,9,0.263324017105815,2.17660151685044
"North Sea","Ceratium.fusus.","SP",0.436457134409318,0.823945365093807,"ag","fd-ut",3,1,3,0.359852032264633,0.362705281981769,"chaotic",1.03118410151586,0.684603886397608,12,4,1.18201393744095,2.21791564316962
"North Sea","Ceratium.furca.","SP",0.455695722789451,0.580775486692927,"ag","fd-ut",3,1,2,0.381706779681089,0.382105350368367,"chaotic",0.942144604997331,0.732436472346786,12,4,1.07754345405302,2.3828161044647
"North Sea","Ceratium.lineatum.","SP",0.327934871090472,0.707294346887853,"ag","fd-ut",6,4,2,0.0146920546406159,0.0148092823844655,"chaotic",0.145237746511875,0.751543209876543,12,6,0.0144008066796985,1.35482517453564
"North Sea","Ceratium.tripos.","SP",0.406059574811426,0.768053850999849,"ag","fd-ut",5,6,4,0.0139032847806879,0.0146921311993826,"chaotic",1.07172789875216,0.693146417445483,12,9,0.0674529835130527,2.06108926760306
"North Sea","Ceratium.macroceros.","SP",0.561069458290318,0.692120971971954,"ag","fd-ut",6,10,3,0.00252566537091047,0.00269036337144034,"not chaotic",0.485411663528314,0.0666666666666667,12,9,0.0116326042856582,1.29995473202544
"North Sea","Ceratium.horridum.","SP",0.14777070748387,0.266659873267617,"g","fd-ut",1,1,0,-0.870022606976998,-0.870022437159279,"not chaotic",0.0372590963389912,0,12,6,0.000531038047651311,0.052625307922988
"North Sea","Ceratium.longipes.","SP",0.221042063282975,0.619574792799222,"ag","gr-log",6,2,4,0.00680543831759239,0.00947095007305348,"not chaotic",0.748528186562306,0.483333333333333,12,7,0.31817082658855,1.56089252954815
"North Sea","Dinophysis.spp..Total","SP",0.265936818932497,0.356911067112697,"ag","fd-ut",4,12,0.75,0.00586754423059013,0.00587567992278774,"not chaotic",1.07635612654618,0.483974358974359,12,2,0.0152061130521453,2.54206446304565
"North Sea","Protoperidinium.spp..","SP",0.365449792008418,0.76143043481708,"ag","fd-ut",4,6,3,0.0107029775133495,0.0112950391848679,"chaotic",0.535449546707565,0.635802469135803,12,5,0.0240489420685813,1.51556807646445
"North Sea","Scrippsiella.spp..","SP",0.224010685890392,0.590821935419039,"ag","gr-log",6,12,4,-0.000819569041229554,-0.000710601269529664,"not chaotic",0.593785214026728,0.219672131147541,12,5,0.0178429158037558,1.08257700094328
"North Sea","Tintinnida.Total","SP",0.165320586414152,0.612862340443967,"g","fd-ut",3,8,3,-0.0109282512835466,-0.0105043601026122,"not chaotic",0.163586930703196,0.066079295154185,12,7,0.0248445803347209,1.19095106458861
"North Sea","Oithona.spp.","SP",0.475487094290967,0.792663580341809,"ag","fd-ut",6,6,0.3,-0.0075701048050046,-0.00748091613748622,"not chaotic",0.0300330463956831,0,12,10,0.00114243970619442,1.41706593211503
"North Sea","Pseudocalanus.spp..Adult.Atlantic","SP",0.336987571316713,0.321759771451592,"ag","fd-ut",6,1,1.5,0.0130767354725947,0.0142157226294883,"chaotic",0.874250933835024,0.585585585585586,12,5,0.214013969780062,2.07124320186746
"North Sea","Para.Pseudocalanus.spp.","SP",0.455754613650071,0.639378288279817,"ag","fd-ut",5,1,1.5,-0.0439093663509472,-0.0419572208554603,"not chaotic",0.874682759531811,0.422788605697151,12,5,0.186384216018942,1.88168094614909
"North Sea","Temora.longicornis","SP",0.139454784869169,0.631691951290132,"g","fd-ut",5,6,1.5,-0.00146962595097208,-0.00126518953347602,"not chaotic",0.499377350175904,0.157320872274143,12,5,0.0189601241317267,1.87421820666031
"North Sea","Centropages.typicus.","SP",0.266159819727357,0.683699566819097,"ag","fd-ut",3,8,1.5,0.00500125420983218,0.00514014642527104,"not chaotic",0.0887825199889075,0.37962962962963,12,11,0.00752701712130611,0.801520066985198
"North Sea","Centropages.hamatus.","SP",0.175051937222742,0.615946383526944,"g","fd-ut",6,4,1.5,0.00954111663265948,0.00965507563947451,"not chaotic",0.266516152552939,0.595679012345679,12,5,0.0106745369372942,1.16774250138494
"North Sea","Calanus.finmarchicus","SP",0.279469429106421,0.643472456345993,"ag","fd-ut",4,6,4,0.0102728087841855,0.0106396796652408,"chaotic",0.422825625657177,0.649691358024691,12,4,0.0349625681757101,0.926168967107611
"North Sea","Calanus.helgolandicus","SP",0.196448965173694,0.409614028831257,"g","fd-ut",6,12,0.75,-0.00311964682850625,-0.00311026666465142,"not chaotic",0.124857586244329,0,12,1,0.00183384434835831,1.60419778494578
"North Sea","Metridia.lucens","SP",0.207472714617215,0.549953406950486,"ag","gr-log",5,6,6,0.019930008743654,0.0204011204209631,"chaotic",0.562585171833378,0.688473520249221,12,1,0.0942173118947261,0.753679950328024
"North Sea","Candacia.armata","SP",0.288671486914274,0.704714079564476,"ag","fd-ut",6,6,4,0.00631159179085475,0.00730315060426756,"not chaotic",0.592552523197278,0.793372319688109,12,10,0.0334292661629326,1.33780318112067
"North Sea","Podon.spp.","SP",0.247057415084365,0.871894980280667,"ag","fd-ut",3,6,3,0.0459801595024775,0.0462408834304675,"chaotic",0.669383602786369,0.882262996941896,12,10,0.0777409305376756,2.38939376255971
"North Sea","Evadne.spp.","SP",0.306070345854048,0.4371545315507,"ag","fd-ut",5,12,0,-0.00553024831282675,-0.00552914149620479,"not chaotic",0.0210012782918647,0,12,5,3.33351732072643e-05,0.287640295900902
"North Sea","Cyphonautes","SP",0.165165934978189,0.402694299947399,"g","fd-ut",5,1,1.5,0.0170837170124718,0.0183360176913915,"chaotic",0.790117949375524,0.671664167916042,12,6,0.158764852171591,1.40425329655162
"North Sea","Echinoderm.larvae","SP",0.376733423158379,0.339815110681789,"ag","fd-ut",4,12,1,0.00479002525729049,0.00479316503002384,"not chaotic",1.00060517482574,0,12,1,0.00464500375504802,1.57296223582992
"North Sea","Gammaridea","SP",0.376508705948464,0.472808869970058,"ag","fd-ut",3,10,6,-0.00915353150536615,-0.00844651775241722,"not chaotic",0.485564874883685,0.183823529411765,12,12,0.0305422310458425,0.888281972416409
"North Sea","Hyperiidea..Total.","SP",0.146909777667648,0.309357789514951,"g","fd-ut",1,1,0.3,-0.433456138918375,-0.432316845762602,"not chaotic",0.306082157482116,0,12,8,0.136960610722566,0.79056778567526
"North Sea","Decapoda.larvae..Total.","SP",0.458648130423284,0.759523976509316,"ag","fd-ut",6,2,4,0.0205222254288332,0.0215563735638531,"chaotic",0.845735512416951,0.715151515151515,12,8,0.11319279680879,1.83478689714618
"North Sea","Cirripede.larvae..Total.","SP",0.429390648385853,0.684600800214511,"ag","gr-log",6,8,6,0.00733591822270762,0.00784631302076537,"not chaotic",0.812562297400018,0.490384615384615,12,4,0.105356216263872,1.39038338215485
"North Sea","Appendicularia","SP",0.136852637352386,0.77372475284725,"g","fd-ut",4,6,0.5,-0.00661822897246001,-0.00651427094633862,"not chaotic",0.13372476361095,0,12,3,0.0052810084237583,0.724062626485887
"North Sea","Bivalvia.larvae","SP",0.141117694666272,0.736718253903935,"g","fd-ut",6,8,3,0.0239378178613777,0.0241988213594365,"chaotic",0.207695822093894,0.831730769230769,12,8,0.0183537345877241,1.16870629954169
"North Sea","Thecosomata..North.Atlantic.","SP",0.239915717714425,0.717239573725914,"ag","fd-ut",6,8,4,0.012704942260211,0.0130233461550538,"chaotic",0.421809455503123,0.693910256410256,12,9,0.0163742809995816,0.865500983222751
"North Sea","Fish.larvae","SP",0.235205815145886,0.66126881208804,"ag","fd-ut",6,4,2,0.000166989762683592,0.00051798572765987,"not chaotic",0.536953644194936,0.0324074074074074,12,4,0.0148120124393248,1.8700533686667
"Port Erin Bay","Zooplankton","Total",0.414850278495986,0.759873795555463,"ag","gr-log",4,6,6,-0.000868837569382827,0.000109683885500585,"not chaotic",0.466602834051222,0.618055555555556,12,7,0.0679304259504187,1.20220217948669
"Port Erin Bay","Chla","Total",0.247666251646759,0.650654432305269,"ag","fd-ut",4,8,2,0.0269699319587709,0.0272872664219166,"chaotic",0.1401966845797,0.808823529411765,12,7,0.0332937776706028,1.81080355587561
"Port Erin Bay","carnivore","FG",0.406968738376014,0.793497857455605,"ag","fd-ut",2,8,6,0.0384043686355676,0.0402556727743466,"chaotic",0.704815077394231,0.657894736842105,12,7,0.186665759922926,1.89102921171023
"Port Erin Bay","herbivore","FG",0.412104077920294,0.756138043563373,"ag","gr-log",4,6,6,-0.000409098047971406,0.00064254024115177,"not chaotic",0.450941843271771,0.625,12,7,0.0668198003222202,1.18622553360488
"Port Erin Bay","Chaetoceras.decipiens","SP",0.642197109941844,0.835662655339796,"ag","fd-ut",2,3,8,0.27509699433731,0.280697958952203,"chaotic",0.363840099448419,0.839506172839506,12,10,0.887688814555008,1.86024135864832
"Port Erin Bay","Chaetoceras.debile","SP",0.139675302002416,0.564500331039646,"g","gr-log",4,6,8,0.184520827699885,0.191515029027976,"chaotic",0.766226250331194,0.840277777777778,12,5,0.727901532326673,1.71711411078361
"Port Erin Bay","Chaetoceras.teres","SP",0.145252093684525,0.655442661397538,"g","fd-ut",3,8,1.5,0.00736334365038644,0.00750478882278089,"not chaotic",0.113540323352776,0.520833333333333,12,2,0.024016376237823,1.41505672752168
"Port Erin Bay","Rhizosolenia.semispina","SP",0.0468338289982819,0.532745901080389,"g","gr-log",2,12,8,0.0751071091326205,0.0768100300974079,"chaotic",0.168036857976104,0.770833333333333,12,7,0.149011373776673,0.911470453785514
"Port Erin Bay","Rhizosolenia.shrubsolei","SP",0.688747103700762,0.581304363062407,"ag","gr-log",6,1,3,0.57536449491047,0.599075019276562,"chaotic",0.928969880362338,0.777777777777778,12,5,3.01145152998378,1.99579500641036
"Port Erin Bay","Rhizosolenia.stolterfothii","SP",0.0175541383790179,0.498577897777584,"g","gr-ut",1,1,0,-0.487096862235698,-0.485292710372634,"not chaotic",0.174215434445577,0.838323353293413,12,12,0.298840205987282,0.0495131956884666
"Port Erin Bay","Coscinodiscus.concinnus","SP",0.471029144179413,0.859912384187624,"ag","gr-log",4,6,4,0.0562811686051083,0.0627899088551442,"chaotic",0.975787095292067,0.854166666666667,12,2,0.887042681588192,2.35233636383881
"Port Erin Bay","Coscinodiscus.radiatus","SP",0.754786324919299,0.82311875350292,"ag","gr-log",6,3,3,0.0810891060267998,0.0973165751385131,"chaotic",0.770644583905204,0.84,12,11,0.911968266402883,1.58495399104904
"Port Erin Bay","Coscinodiscus.grani","SP",0.546143865955393,0.620307705958348,"ag","fd-ut",2,1,4,-0.0340167083172533,-0.0213290281664905,"not chaotic",0.583779810618839,0.632530120481928,12,9,0.963303374278189,1.76808945779082
"Port Erin Bay","Biddulphia.mobiliensis","SP",0.439554891420187,0.815736755429566,"ag","gr-log",6,2,4,0.0798681312330062,0.0909978872758062,"chaotic",0.846479600213147,0.852564102564103,12,10,1.95247873367349,2.6221127357599
"Port Erin Bay","Biddulphia.sinensis","SP",0.365354919852068,0.474542038119174,"ag","gr-log",5,2,6,0.439048583144972,0.449975588382506,"chaotic",0.718247617240377,0.814516129032258,12,11,2.71351967760819,2.22858026324314
"Port Erin Bay","Guinardia.flaccida","SP",0.276853618342922,0.556438545972621,"ag","gr-log",5,1,2,0.333833534869795,0.357421831350113,"chaotic",0.431288858003954,0.791411042944785,12,6,1.65752973698904,1.66746120423542
"Port Erin Bay","Lauderia.borealis","SP",0.172300961090808,0.692672919307568,"g","fd-ut",3,8,8,0.101317787759695,0.102130485594235,"chaotic",0.519649472203313,0.902777777777778,12,5,0.202171776358798,2.69941492491146
"Port Erin Bay","Ceratium.tripos","SP",0.573623537939474,0.531049627378727,"ag","fd-ut",2,1,1.5,-0.261479575691987,-0.25331266934584,"not chaotic",0.533274420508733,0.463855421686747,12,4,0.757987127986603,2.1290550258399
"Port Erin Bay","Noctiluca.miliaris","SP",0.20807970282795,0.608908043581482,"ag","fd-ut",1,8,8,0.12769101697936,0.127871766894388,"chaotic",0.254256023665366,0.824324324324324,12,12,0.232986787484329,1.42296489207377
"Port Erin Bay","Paracalanus.parvus","SP",0.553166711501672,0.625087191329013,"ag","gr-log",6,1,4,0.166276334324365,0.184143551287946,"chaotic",1.15611891268674,0.604938271604938,12,8,2.85221979812496,2.31941102082198
"Port Erin Bay","Pseudocalanus.elongatus","SP",0.298530893210446,0.76624197792702,"ag","fd-ut",5,2,3,0.00757617162535074,0.00911252678780719,"not chaotic",0.790613772805303,0.40506329113924,12,10,0.114513829825084,2.0048413731765
"Port Erin Bay","Oithona.similis","SP",0.476807676837404,0.785552402839623,"ag","fd-ut",6,2,3,0.0146295666085144,0.01550573570053,"chaotic",0.74594418728415,0.737179487179487,12,7,0.0624319546207095,1.56408468234973
"Port Erin Bay","Acartia.clausi","SP",0.526846738005821,0.820845747806114,"ag","gr-ut",6,1,2,0.0413632953716384,0.0573618581674287,"chaotic",1.03694420102888,0.623456790123457,12,4,1.69853923443432,2.9280428449987
"Port Erin Bay","Calanus.finmarchicus","SP",0.105737279241204,0.560490503101178,"g","gr-log",6,1,4,0.162503679798854,0.176244643403782,"chaotic",1.02169909126098,0.611111111111111,12,5,2.50654893159583,2.75530601552402
"Port Erin Bay","Centropages.hamatus","SP",0.505221836582443,0.897814520275538,"ag","fd-ut",6,4,4,0.0270828345646771,0.0280458749167235,"chaotic",0.278344517448442,0.854166666666667,12,7,0.0324689650170045,1.19396148265418
"Port Erin Bay","Temora.longicornis","SP",0.415714483720809,0.912300795363849,"ag","gr-ut",2,9,1,0.0688742017572569,0.0729022981239815,"chaotic",1.04785850991482,0.613333333333333,12,8,0.686235214666058,2.46346706502489
"Port Erin Bay","Echinoderm.plutei","SP",0.161815492032886,0.296828266078921,"g","gr-log",3,1,3,0.244694787941362,0.265460022417726,"chaotic",0.905536491888346,0.545454545454545,12,3,3.73037350964296,2.6180785252486
"Port Erin Bay","Polychaete.larvae","SP",0.293529676519831,0.744106604053476,"ag","gr-log",6,4,0.75,0.0159397063090897,0.0213748373428685,"chaotic",0.735784774136456,0.631944444444444,12,3,0.422402702146655,2.4186566632823
"Port Erin Bay","Lamellibranch.larvae","SP",0.242849235011661,0.3763237412164,"ag","gr-log",2,1,8,0.26845685587432,0.282145386803603,"chaotic",0.237609514854886,0.608433734939759,12,6,0.849780023188555,0.845677748810795
"Port Erin Bay","Gastropod.larvae","SP",0.155173578011934,0.369939056401109,"g","fd-ut",6,1,1.5,-0.150742597315279,-0.148604557048786,"not chaotic",0.333950810293131,0.234567901234568,12,10,0.183271060327343,1.51477044157987
"Port Erin Bay","Sagitta.bipunctata","SP",0.245194506048073,0.657656529387941,"ag","fd-ut",3,9,4,0.0133680016689382,0.0139904012788035,"chaotic",0.664280029446876,0.581560283687943,12,7,0.125667739335611,2.46896951751182
"Port Erin Bay","Medusoid.gonophores","SP",0.339223524244623,0.635818106314609,"ag","fd-ut",1,1,4,0.527614826984182,0.535242867507869,"chaotic",0.62953539911625,0.790419161676647,12,3,2.0385125015351,1.84716015685119
"Wadden Sea","Zooplankton","Total",0.459789994938008,0.744425567949432,"ag","gr-log",5,1,6,0.0967356043890888,0.12867920143428,"chaotic",1.09627318295153,0.633663366336634,12,4,1.45053343016137,2.42687257123279
"Wadden Sea","Chla","Total",0.397017470947375,0.662123580779284,"ag","gr-log",4,2,2,-0.0488375455909708,-0.0403265060204532,"not chaotic",1.03255230118161,0.336538461538462,12,4,0.464166129501729,2.71190512562291
"Wadden Sea","carnivore","FG",0.487696749893149,0.765597851757714,"ag","gr-ut",5,1,1.5,0.101523185858071,0.114716788577553,"chaotic",0.902073920776905,0.564356435643564,12,4,1.5180507955552,2.51473546058265
"Wadden Sea","herbivore","FG",0.436527527122926,0.752658315447334,"ag","gr-log",5,1,8,0.173959208996219,0.190557075449941,"chaotic",1.08978852625275,0.653465346534653,12,4,1.3609258251671,2.17747866347665
"Wadden Sea","Acartia_sp","SP",0.196710257819633,0.929429009407427,"g","gr-ut",4,1,0,-0.110514485870055,-0.105271756164142,"not chaotic",0.54923480471395,0.586538461538462,12,12,0.53018077010934,0.876227690712548
"Wadden Sea","Balanidae_nau","SP",0.672228178905556,0.795089811284167,"ag","fd-ut",4,2,4,0.0223522744064715,0.031945129268016,"chaotic",1.07758524682818,0.584158415841584,12,5,0.477998648523358,2.69780329237399
"Wadden Sea","Bivalvia_larv","SP",0.232012527222986,0.624680010674266,"ag","gr-log",4,3,8,0.140044985348873,0.156659049541803,"chaotic",0.884640451045117,0.76530612244898,12,5,1.40251416999201,2.24452098173758
"Wadden Sea","C_hamatus","SP",0.440222782535481,0.654747553690596,"ag","gr-log",3,3,6,0.0519813111236756,0.0619362517363002,"chaotic",0.891314721224102,0.666666666666667,12,4,1.2516117500038,2.03811940229205
"Wadden Sea","Gastrop_larv","SP",0.308948494866905,0.862161435001406,"ag","fd-ut",3,5,3,0.0841001355736323,0.0874428432310824,"chaotic",0.517668729342093,0.768421052631579,12,5,0.258897832522927,2.13474647529657
"Wadden Sea","Harpacticoida","SP",0.381003331295816,0.429014533770815,"ag","gr-ut",5,1,6,0.17575255083472,0.197732920841505,"chaotic",0.785112998632255,0.653465346534653,12,5,1.70240174188174,2.16847273587203
"Wadden Sea","Membranipora_larv","SP",0.0588664441887925,0.328482594353477,"g","fd-ut",2,2,0,-0.831232377234326,-0.830650432920664,"not chaotic",0.0677802729380741,0,12,7,0.108383199238631,1.78356400949475
"Wadden Sea","N_scintillans","SP",0.3126262237186,0.662547589806186,"ag","gr-ut",4,4,4,0.0966636704166613,0.103712798198231,"chaotic",0.899471485744318,0.56989247311828,12,7,1.1927420864677,2.50248212742913
"Wadden Sea","O_dioica","SP",0.516149026818632,0.773958202581002,"ag","fd-ut",4,3,6,0.0764198837214786,0.0865998016823573,"chaotic",0.989454382986587,0.755102040816326,12,7,0.496389459805129,2.8333628351035
"Wadden Sea","Oithona_sp","SP",0.668210121916954,0.548364910684596,"ag","gr-log",2,1,6,0.0978043282673748,0.108180625733617,"chaotic",0.618585083077166,0.490909090909091,12,9,2.6921599008752,2.66079114376885
"Wadden Sea","P_elongatus","SP",0.200099905605283,0.503709185395851,"ag","gr-log",3,2,8,0.208957759957832,0.220337507479398,"chaotic",0.224607113594309,0.682692307692308,12,4,0.895562104573757,1.67200737934534
"Wadden Sea","P_parvus","SP",0.0666041389609293,0.586547607581591,"g","fd-ut",2,5,3,-0.0418711526630371,-0.0407892911754663,"not chaotic",0.380949707776326,0.294117647058824,12,7,0.123509006430515,1.34545074021586
"Wadden Sea","Paracalanus_sp","SP",0.371858761781449,0.160705574832932,"a","fd-ut",1,1,0,-0.454195904881229,-0.454169052049808,"not chaotic",0.121962806719498,0,12,10,0.00570806043186339,0.353979325978704
"Wadden Sea","R_oktopunctata","SP",0.193054938863992,0.520670346852676,"g","gr-ut",1,12,0,-0.0327228892056138,-0.031903443225532,"not chaotic",0.669623798484211,0,12,11,0.107450229928968,1.44338290029366
"Wadden Sea","Rotatoria","SP",0.203180427995925,0.636116956159035,"ag","fd-ut",5,3,3,0.0275936824415795,0.0291490277628989,"chaotic",0.532537874024974,0.673684210526316,12,5,0.111354694975672,2.09474699415431
"Wadden Sea","Spionida_nektoch","SP",0.742032542019762,0.864269657598061,"ag","fd-ut",2,1,6,0.257142424751205,0.267907459342275,"chaotic",1.01651050109081,0.681818181818182,12,3,1.10413146225335,1.81196440647848
"Wadden Sea","T_longicornis","SP",0.103455525616711,0.274562888903156,"g","gr-ut",1,1,0,-0.111530205741051,-0.108576204738229,"not chaotic",0.62060206592393,0.530973451327434,12,11,0.83928058243185,1.04384359837112
"Wadden Sea","Turbellaria","SP",0.0969050415979511,0.621480397055371,"g","fd-ut",1,11,0.75,-0.00188045974771203,-0.00134519963371125,"not chaotic",0.643404571376187,0.766990291262136,12,3,0.220646346001951,2.59797851749585
